COURSE_ID,TITLE,Database,Python,CloudComputing,DataAnalysis,Containers,MachineLearning,ComputerVision,DataScience,BigData,Chatbot,R,BackendDev,FrontendDev,Blockchain,num_genres,clean_text
ML0201EN,robots are coming  build iot apps with watson  swift  and node red,0,0,0,0,0,0,0,0,0,0,0,1,1,0,2,BackendDev FrontendDev
ML0122EN,accelerating deep learning with gpu,0,1,0,0,0,1,0,1,0,0,0,0,0,0,3,Python MachineLearning DataScience
GPXX0ZG0EN,consuming restful services using the reactive jax rs client,0,0,0,0,0,0,0,0,0,0,0,1,1,0,2,BackendDev FrontendDev
RP0105EN,analyzing big data in r using apache spark,1,0,0,1,0,0,0,0,1,0,1,0,0,0,4,Database DataAnalysis BigData R
GPXX0Z2PEN,containerizing  packaging  and running a spring boot application,0,0,0,0,1,0,0,0,0,0,0,1,0,0,2,Containers BackendDev
CNSC02EN,cloud native security conference  data security,0,0,1,0,0,0,0,0,0,0,0,0,0,0,1,CloudComputing
DX0106EN,data science bootcamp with r for university proffesors,0,0,0,0,0,0,0,1,0,0,1,0,0,0,2,DataScience R
GPXX0FTCEN,learn how to use docker containers for iterative development,0,0,0,0,1,0,0,0,0,0,0,0,0,0,1,Containers
RAVSCTEST1,scorm test course,0,0,0,0,0,0,0,0,0,0,0,0,0,0,0,
GPXX06RFEN,create your first mongodb database,1,0,0,0,0,0,0,0,0,0,0,0,0,0,1,Database
GPXX0SDXEN,testing microservices with the arquillian managed container,0,0,0,0,1,0,0,0,0,0,0,1,0,0,2,Containers BackendDev
CC0271EN,cloud pak for integration essentials,1,0,1,0,0,0,0,0,0,0,0,0,0,0,2,Database CloudComputing
WA0103EN,watson analytics for social media,0,0,1,1,0,0,0,0,0,0,0,0,0,0,2,CloudComputing DataAnalysis
DX0108EN,data science bootcamp with python for university professors  advance,0,1,0,0,0,0,0,1,0,0,0,0,0,0,2,Python DataScience
GPXX0PICEN,create a cryptocurrency trading algorithm in python,0,1,0,0,0,0,0,0,0,0,0,0,0,0,1,Python
DAI101EN,data   ai essentials,0,0,0,0,0,1,0,0,0,0,0,0,0,0,1,MachineLearning
GPXX0W7KEN,securing java microservices with eclipse microprofile json web token  microprofile jwt ,0,0,0,0,0,0,0,0,0,0,0,1,0,0,1,BackendDev
GPXX0QR3EN,enabling distributed tracing in microservices with zipkin,0,0,0,0,0,0,0,0,0,0,0,1,0,0,1,BackendDev
BD0145EN,sql access for hadoop,1,0,0,0,0,0,0,0,1,0,0,0,0,0,2,Database BigData
HCC105EN,ybrid cloud conference  ai pipelines lab,0,0,0,0,0,1,0,0,0,0,0,0,0,0,1,MachineLearning
DE0205EN,dataops methodology,1,0,0,0,0,0,0,0,0,0,0,1,0,0,2,Database BackendDev
DS0132EN,data   ai  jumpstart your journey,0,0,0,0,0,1,0,0,0,0,0,0,0,0,1,MachineLearning
OS0101EN,introduction to open source,0,0,0,0,0,0,0,0,0,0,0,1,1,0,2,BackendDev FrontendDev
DS0201EN,end to end data science on cloudpak for data,0,0,1,0,0,0,0,1,0,0,0,0,0,0,2,CloudComputing DataScience
BENTEST4,ai for everyone  master the basics,0,0,0,0,0,1,0,0,0,0,0,0,0,0,1,MachineLearning
CC0210EN,serverless computing using cloud functions   developer i,0,0,1,0,0,0,0,0,0,0,0,1,0,0,2,CloudComputing BackendDev
PA0103EN,predicting customer satisfaction,0,0,0,0,0,1,0,1,0,0,0,0,0,0,2,MachineLearning DataScience
HCC104EN,hybrid cloud conference serverless lab,0,0,1,0,0,0,0,0,0,0,0,1,0,0,2,CloudComputing BackendDev
GPXX0A1YEN,validating constraints for javabeans in java microservices,0,0,0,0,0,0,0,0,0,0,0,1,0,0,1,BackendDev
TMP0105EN,getting started with the data  apache spark makers build,1,0,0,1,0,0,0,0,1,0,0,0,0,0,3,Database DataAnalysis BigData
PA0107EN,predicting financial performance of a company,0,0,0,0,0,1,0,1,0,0,0,0,0,0,2,MachineLearning DataScience
DB0113EN,db2 fundamentals i,1,0,0,0,0,0,0,0,0,0,0,0,0,0,1,Database
PA0109EN,using clustering methods for investment portfolio analysis,0,0,0,1,0,0,0,0,0,0,0,0,0,0,1,DataAnalysis
PHPM002EN,php web application on a lamp stack,0,0,0,0,0,0,0,0,0,0,0,1,0,0,1,BackendDev
GPXX03HFEN,fundamentals of javascript through rock paper scissors,0,0,0,0,0,0,0,0,0,0,0,0,1,0,1,FrontendDev
RP0103,using r with databases,1,0,0,0,0,0,0,0,0,0,1,0,0,0,2,Database R
RP0103EN,using r with databases,1,0,0,0,0,0,0,0,0,0,1,0,0,0,2,Database R
BD0212EN,spark fundamentals ii,1,0,0,1,0,0,0,0,1,0,0,0,0,0,3,Database DataAnalysis BigData
GPXX0IBEN,data science in insurance  basic statistical analysis ,0,0,0,1,0,1,0,1,0,0,0,0,0,0,3,DataAnalysis MachineLearning DataScience
SECM03EN,apply end to end security to a cloud application,0,0,1,0,0,0,0,0,0,0,0,1,0,0,2,CloudComputing BackendDev
SC0103EN,spark overview for scala analytics,1,0,0,1,0,0,0,0,1,0,0,0,0,0,3,Database DataAnalysis BigData
GPXX0YXHEN,testing a microprofile or jakarta ee application using microshed testing with an open liberty docker container,0,0,0,0,0,0,0,0,0,0,0,1,0,0,1,BackendDev
RP0151EN,r 101,0,0,0,0,0,0,0,0,0,0,1,0,0,0,1,R
TA0105,text analytics 101,0,0,0,0,0,1,0,0,0,0,0,0,0,0,1,MachineLearning
SW0201EN,how to build watson ai and swift apis and make money,0,0,1,0,0,1,0,0,0,0,0,1,0,0,3,CloudComputing MachineLearning BackendDev
TMP0106,tmp data science bootcamp,0,0,0,0,0,0,0,1,0,0,0,0,0,0,1,DataScience
GPXX0BUBEN,insurance risk assessment with montecarlo method using apache spark ,0,0,0,0,0,1,0,0,1,0,0,0,0,0,2,MachineLearning BigData
ST0201EN,statistics 201,0,0,0,1,0,0,0,0,0,0,0,0,0,0,1,DataAnalysis
ST0301EN,statistics 301,0,0,0,1,0,0,0,0,0,0,0,0,0,0,1,DataAnalysis
SW0101EN,build swift mobile apps with watson ai services,0,0,1,0,0,1,0,0,0,0,0,1,0,0,3,CloudComputing MachineLearning BackendDev
TMP0101EN,text analysis,0,0,0,1,0,1,0,0,0,0,0,0,0,0,2,DataAnalysis MachineLearning
DW0101EN,introduction to machine learning with sound,0,0,0,0,0,1,0,0,0,0,0,0,0,0,1,MachineLearning
BD0143EN,using hbase for real time access to your big data,1,0,0,0,0,0,0,0,1,0,0,0,0,0,2,Database BigData
WA0101EN,watson analytics 101,0,0,1,1,0,0,0,0,0,0,0,0,0,0,2,CloudComputing DataAnalysis
GPXX04HEEN,insurance business modelling and basic actuarial calculations,0,0,0,1,0,0,0,0,0,0,0,0,0,0,1,DataAnalysis
BD0141EN,accessing hadoop data using hive,1,0,0,0,0,0,0,0,1,0,0,0,0,0,2,Database BigData
CO0401EN,beyond the basics  istio and ibm cloud kubernetes service,0,0,1,0,1,0,0,0,0,0,0,1,0,0,3,CloudComputing Containers BackendDev
ML0122ENv1,accelerating deep learning with gpu,0,0,0,0,0,1,0,1,0,0,0,0,0,0,2,MachineLearning DataScience
BD0151EN,text analytics 101,0,0,0,0,0,1,0,1,0,0,0,0,0,0,2,MachineLearning DataScience
TA0106EN,text analytics at scale,0,0,0,0,0,1,0,1,1,0,0,0,0,0,3,MachineLearning DataScience BigData
TMP107,data science bootcamp with python,0,1,0,0,0,0,0,1,0,0,0,0,0,0,2,Python DataScience
ML0111EN,machine learning with apache systemml,0,0,0,0,0,1,0,0,0,0,0,0,0,0,1,MachineLearning
GPXX048OEN,action classification task based on internet firewall logs,0,0,0,0,0,1,0,0,0,0,0,0,0,0,1,MachineLearning
CO0201EN,container   kubernetes essentials with ibm cloud,0,0,1,0,1,0,0,0,0,0,0,0,0,0,2,CloudComputing Containers
GPXX01DCEN,data science in health care  advanced prognostication using neural networks,0,0,0,0,0,1,0,1,0,0,0,0,0,0,2,MachineLearning DataScience
GPXX04XJEN,advanced machine   deep learning for spam classification task,0,0,0,0,0,1,0,0,0,0,0,0,0,0,1,MachineLearning
GPXX0JZ4EN,visual data analysis in banking,0,0,0,1,0,0,0,0,0,0,0,0,0,0,1,DataAnalysis
GPXX0ZYVEN,secure analysis of credit card dataset,0,0,0,1,0,0,0,0,0,0,0,0,0,0,1,DataAnalysis
GPXX0ZMZEN,data science in health care  advanced machine learning classification,0,0,0,0,0,1,0,1,0,0,0,0,0,0,2,MachineLearning DataScience
GPXX0742EN,network traffic anomaly detection  intrusion detection task ,0,0,0,0,0,1,0,0,0,0,0,0,0,0,1,MachineLearning
GPXX0KV4EN,getting started with node js,0,0,0,0,0,0,0,0,0,0,0,1,0,0,1,BackendDev
GPXX01RYEN,getting started with mysql command line,1,0,0,0,0,0,0,0,0,0,0,0,0,0,1,Database
CC0120EN,an introduction to ibm cloud satellite,0,0,1,0,0,0,0,0,0,0,0,0,0,0,1,CloudComputing
QC0101EN,introduction to quantum computing,0,0,1,0,0,0,0,0,0,0,0,0,0,0,1,CloudComputing
GPXX0YMEEN,launch an ai hotdog detector as a serverless python app,0,1,0,0,0,1,1,0,0,0,0,0,0,0,3,Python MachineLearning ComputerVision
GPXX0Q8AEN,exploratory data analysis  eda  with pandas in banking,0,1,0,1,0,0,0,0,0,0,0,0,0,0,2,Python DataAnalysis
TA0105EN,text analytics 101,0,0,0,0,0,1,0,0,0,0,0,0,0,0,1,MachineLearning
GPXX0XFQEN,create tables and load data in mysql using phpmyadmin,1,0,0,0,0,0,0,0,0,0,0,0,0,0,1,Database
GPXX07REN,relational model concepts,1,0,0,0,0,0,0,0,0,0,0,0,0,0,1,Database
PA0101EN,predictive modeling fundamentals i,0,0,0,0,0,1,0,1,0,0,0,0,0,0,2,MachineLearning DataScience
BC0202EN,build an iot blockchain network for a supply chain,0,0,0,0,0,0,0,0,0,0,0,1,0,1,2,BackendDev Blockchain
BC0101EN,blockchain essentials,0,0,0,0,0,0,0,0,0,0,0,1,0,1,2,BackendDev Blockchain
GPXX0725EN,getting started with postgresql command line,1,0,0,0,0,0,0,0,0,0,0,0,0,0,1,Database
BC0201EN,ibm blockchain foundation developer,0,0,1,0,0,0,0,0,0,0,0,0,0,1,2,CloudComputing Blockchain
GPXX0MIIEN,keys and constraints in mysql,1,0,0,0,0,0,0,0,0,0,0,0,0,0,1,Database
BD0223EN,exploring spark s graphx,0,0,0,1,0,0,0,0,1,0,0,0,0,0,2,DataAnalysis BigData
GPXX0435EN,data science in health care  basic statistical analysis ,0,0,0,1,0,0,0,0,0,0,0,0,0,0,1,DataAnalysis
GPXX06ZLEN,create tables and load data in postgresql using pgadmin,1,0,0,0,0,0,0,0,0,0,0,0,0,0,1,Database
GPXX0QS6EN,monitoring the metrics of java microservices using eclipse microprofile metrics,0,0,0,0,0,0,0,0,0,0,0,1,0,0,1,BackendDev
GPXX07YGEN,configuring microservices running in kubernetes,0,0,0,0,1,0,0,0,0,0,0,0,0,0,1,Containers
AI0111EN,game playing ai with swift for tensorflow  s4tf ,0,0,0,0,0,1,0,0,0,0,0,0,0,0,1,MachineLearning
GPXX0QJFEN,enabling cross origin resource sharing  cors  in a restful java microservice,0,0,0,0,0,0,0,0,0,0,0,1,0,0,1,BackendDev
GPXX0LLEEN,getting started with db2 on cloud,1,0,1,0,0,0,0,0,0,0,0,0,0,0,2,Database CloudComputing
BD0121EN,apache pig 101,1,0,0,0,0,0,0,0,1,0,0,0,0,0,2,Database BigData
BD0135EN,developing distributed applications using zookeeper,1,0,0,0,0,0,0,0,0,0,0,1,0,0,2,Database BackendDev
BD0133EN,controlling hadoop jobs using oozie,0,0,0,0,0,0,0,0,1,0,0,1,0,0,2,BigData BackendDev
BD0131EN,moving data into hadoop,1,0,0,0,0,0,0,0,1,0,0,0,0,0,2,Database BigData
BD0115EN,mapreduce and yarn,1,0,0,0,0,0,0,0,1,0,0,0,0,0,2,Database BigData
GPXX04V3EN,deploy a web server using python and ibm cloud engine,0,1,1,0,0,0,0,0,0,0,0,1,0,0,3,Python CloudComputing BackendDev
GPXX05P1EN,acknowledging messages using microprofile reactive messaging,0,0,0,0,0,0,0,0,0,0,0,1,0,0,1,BackendDev
GPXX0D14EN,build a personal movie recommender with django,0,1,0,0,0,1,0,0,0,0,0,1,0,0,3,Python MachineLearning BackendDev
GPXX0G3KEN,managing and injecting dependencies into java microservices using contexts and dependency injection  cdi ,0,0,0,0,0,0,0,0,0,0,0,1,0,0,1,BackendDev
BD0211EN,spark fundamentals i,1,0,0,1,0,0,0,0,1,0,0,0,0,0,3,Database DataAnalysis BigData
GPXX0HZ2EN,deploying microservices to kubernetes,0,0,0,0,1,0,0,0,0,0,0,1,0,0,2,Containers BackendDev
GPXX04TNEN,getting started with open liberty,0,0,0,0,0,0,0,0,0,0,0,1,0,0,1,BackendDev
GPXX0IHMEN,consuming restful java microservices asynchronously using eclipse microprofile rest client,0,0,0,0,0,0,0,0,0,0,0,1,0,0,1,BackendDev
ST0101EN,statistics 101,0,0,0,1,0,0,0,0,0,0,0,0,0,0,1,DataAnalysis
BD0153EN,analyzing big data with a spreadsheet ui,0,0,0,1,0,0,0,0,0,0,0,0,0,0,1,DataAnalysis
DP0101EN,openrefine 101,0,0,0,1,0,0,0,0,0,0,0,0,0,0,1,DataAnalysis
BD0137EN,solr 101,1,0,0,0,0,0,0,0,0,0,0,1,0,0,2,Database BackendDev
ML0120EN,deep learning with tensorflow,0,0,0,0,0,1,0,0,0,0,0,0,0,0,1,MachineLearning
GPXX0E3QEN,building fault tolerant microservices with the  fallback annotation,0,0,0,0,0,0,0,0,0,0,0,1,0,0,1,BackendDev
GPXX0XV3EN,consuming restful java microservices with template interfaces using eclipse microprofile rest client,0,0,0,0,0,0,0,0,0,0,0,1,0,0,1,BackendDev
CB0201EN,build chatbots with watson assistant,0,0,0,0,0,1,0,0,0,1,0,0,0,0,2,MachineLearning Chatbot
CB0105ENv1,node red  basics to bots,0,0,0,0,0,0,0,0,0,0,0,1,0,0,1,BackendDev
GPXX0NHZEN,normalization   keys   constraints in relational database,1,0,0,0,0,0,0,0,0,0,0,0,0,0,1,Database
CL0101EN,ibm cloud essentials,0,0,1,0,0,0,0,0,0,0,0,0,0,0,1,CloudComputing
CO0301EN,getting started with microservices with istio and ibm cloud kubernetes service,0,0,1,0,0,0,0,0,0,0,0,1,0,0,2,CloudComputing BackendDev
GPXX0XENEN,playing tictactoe with reinforcement learning and openai gym,0,0,0,0,0,1,0,0,0,0,0,0,0,0,1,MachineLearning
GPXX0HAAEN,deploying a microservice to openshift by using a kubernetes operator,0,0,0,0,1,0,0,0,0,0,0,1,0,0,2,Containers BackendDev
DA0201EN,data analysis demos,0,0,0,1,0,0,0,0,0,0,0,0,0,0,1,DataAnalysis
DJ0101EN,data journalism  first steps  skills and tools,1,0,0,1,0,0,0,0,0,0,0,0,0,0,2,Database DataAnalysis
CP0101EN,mathematical optimization for business problems,0,0,0,1,0,0,0,0,0,0,0,0,0,0,1,DataAnalysis
DB0111EN,db2 academic training,1,0,0,0,0,0,0,0,0,0,0,0,0,0,1,Database
DB0115EN,db2 fundamentals ii,1,0,0,0,0,0,0,0,0,0,0,0,0,0,1,Database
COM001EN,scalable web applications on kubernetes,0,0,0,0,1,0,0,0,0,0,0,1,0,0,2,Containers BackendDev
DA0151EN,data analysis using r 101,0,0,0,1,0,0,0,0,0,0,1,0,0,0,2,DataAnalysis R
DB0151EN,nosql and dbaas 101,1,0,0,0,0,0,0,0,1,0,0,0,0,0,2,Database BigData
CO0302EN,kubernetes operators advanced,0,0,0,0,1,0,0,0,0,0,0,0,0,0,1,Containers
GPXX0T0FEN,project  deploy a serverless app for image processing,0,0,0,0,0,0,1,0,0,0,0,1,0,0,2,ComputerVision BackendDev
DS0107,data science career talks,0,0,0,0,0,0,0,1,0,0,0,0,0,0,1,DataScience
DS0110EN,data science with open data,0,0,0,0,0,0,0,1,0,0,0,0,0,0,1,DataScience
DX0107EN,data science bootcamp with python for university professors,0,0,0,0,0,0,0,1,0,0,0,0,0,0,1,DataScience
DS0321EN,bitcoin 101,0,0,0,0,0,0,0,0,0,0,0,0,0,1,1,Blockchain
DS0105EN,data science hands on with open source tools,0,0,0,0,0,0,0,1,0,0,0,0,0,0,1,DataScience
DS0103EN,data science methodology,0,0,0,0,0,0,0,1,0,0,0,0,0,0,1,DataScience
GPXX0I4FEN,creating asynchronous java microservices using microprofile reactive messaging,0,0,0,0,0,0,0,0,0,0,0,1,0,0,1,BackendDev
GPXX06KEEN,build a smart search form with algolia,0,0,0,0,0,0,0,0,0,0,0,1,0,0,1,BackendDev
GPXX0YBFEN,documenting restful apis using microprofile openapi,0,0,0,0,0,0,0,0,0,0,0,1,0,0,1,BackendDev
LB0109ENv1,reactive architecture  distributed messaging patterns,0,0,0,0,0,0,0,0,0,0,0,1,0,0,1,BackendDev
GPXX0KHHEN,data science in agriculture  land use classification,0,0,0,0,0,1,0,1,0,0,0,0,0,0,2,MachineLearning DataScience
LB0111EN,reactive architecture  cqrs   event sourcing,0,0,0,0,0,0,0,0,0,0,0,1,0,0,1,BackendDev
ML0115EN,deep learning 101,0,0,0,0,0,1,0,0,0,0,0,0,0,0,1,MachineLearning
LB0105ENv1,reactive architecture  reactive microservices,0,0,0,0,0,0,0,0,0,0,0,1,1,0,2,BackendDev FrontendDev
LB0103ENv1,reactive architecture  domain driven design,0,0,0,0,0,0,0,0,0,0,0,1,1,0,2,BackendDev FrontendDev
IT0101EN,building robots with tjbot,0,0,0,0,0,1,0,0,0,0,0,0,0,0,1,MachineLearning
CC0250EN,building cloud native and multicloud applications,0,0,1,0,0,0,0,0,0,0,0,0,0,0,1,CloudComputing
BD0101EN,big data 101,1,0,0,0,0,0,0,0,1,0,0,0,0,0,2,Database BigData
EE0101EN,modernizing java ee applications,0,0,0,0,0,0,0,0,0,0,0,1,0,0,1,BackendDev
GPXX04P5EN,data science in agriculture  prognostication using by neural network,0,0,0,0,0,1,0,1,0,0,0,0,0,0,2,MachineLearning DataScience
CO0101EN,docker essentials  a developer introduction,0,0,0,0,1,0,0,0,0,0,0,0,0,0,1,Containers
ML0122ENv3,accelerating deep learning with gpus,0,0,0,0,0,1,0,0,0,0,0,0,0,0,1,MachineLearning
LB0107ENv1,reactive architecture  building scalable systems,0,0,0,0,0,0,0,0,0,0,0,1,0,0,1,BackendDev
CB0101EN,build your own chatbots,0,0,0,0,0,0,0,0,0,1,0,0,0,0,1,Chatbot
GPXX0PG8EN,data science in agriculture  basic statistical analysis and geo visualisation,0,0,0,1,0,0,0,1,0,0,0,0,0,0,2,DataAnalysis DataScience
ML0101EN,machine learning with python,0,1,0,0,0,1,0,1,0,0,0,0,0,0,3,Python MachineLearning DataScience
CB0103EN,build your own chatbot,0,0,0,0,0,0,0,0,0,1,0,0,0,0,1,Chatbot
ML0109EN,machine learning   dimensionality reduction,0,0,0,0,0,1,0,0,0,0,0,0,0,0,1,MachineLearning
ML0101ENv3,machine learning with python,0,1,0,0,0,1,0,0,0,0,0,0,0,0,2,Python MachineLearning
GPXX0M7ZEN,consuming a restful java web service using json b and json p,0,0,0,0,0,0,0,0,0,0,0,1,0,0,1,BackendDev
CC0121EN,an introduction to ibm cloud for financial services,0,0,1,0,0,0,0,0,0,0,0,0,0,0,1,CloudComputing
DA0101EN,data analysis with python,0,1,0,1,0,0,0,0,0,0,0,0,0,0,2,Python DataAnalysis
GPXX07UGEN,testing reactive java microservices using microshed testing framework,0,0,0,0,0,0,0,0,0,0,0,1,0,0,1,BackendDev
GPXX0QU9EN,checking the health of java microservices by using kubernetes readiness and liveness probes,0,0,0,0,0,0,0,0,0,0,0,1,0,0,1,BackendDev
SC0101EN,scala 101,0,0,0,0,0,0,0,0,0,0,0,1,0,0,1,BackendDev
GPXX0QTEEN,checking the health of java microservices by using eclipse microprofile health check,0,0,0,0,0,0,0,0,0,0,0,1,0,0,1,BackendDev
GPXX0WTIEN,train a hotdog image recognition model with python,0,0,0,0,0,1,1,0,0,0,0,0,0,0,2,MachineLearning ComputerVision
GPXX08WYEN,externalizing configuration for java microservices using eclipse microprofile config,0,0,0,0,0,0,0,0,0,0,0,1,0,0,1,BackendDev
GPXX0UMSEN,integrating restful services with a reactive system,0,0,0,0,0,0,0,0,0,0,0,1,1,0,2,BackendDev FrontendDev
GPXX0M6UEN,using the cql shell to execute keyspace operations in cassandra,1,0,0,0,0,0,0,0,1,0,0,0,0,0,2,Database BigData
GPXX097UEN,performing table and crud operations with cassandra,1,0,0,0,0,0,0,0,1,0,0,0,0,0,2,Database BigData
SN0111EN,how to create and publish guided projects and hands on labs,0,0,0,0,0,0,0,0,0,0,0,0,0,0,0,
GPXX0JGFEN,building a simple restful java microservice using jax rs and json b,0,0,0,0,0,0,0,0,0,0,0,1,0,0,1,BackendDev
CO0193EN,hybrid cloud conference   backend services for containers,0,0,0,0,1,0,0,0,0,0,0,1,0,0,2,Containers BackendDev
GPXX0HC7EN,transform photos to sketches and paintings with opencv,0,0,0,0,0,1,1,0,0,0,0,0,0,0,2,MachineLearning ComputerVision
GPXX04MXEN,quick introduction to a b testing,0,0,0,1,0,0,0,0,0,0,0,0,0,0,1,DataAnalysis
DS0101EN,introduction to data science,0,0,0,0,0,0,0,1,0,0,0,0,0,0,1,DataScience
LB0101ENv1,reactive architecture  introduction to reactive systems,0,0,0,0,0,0,0,0,0,0,0,1,1,0,2,BackendDev FrontendDev
DS0301EN,data privacy fundamentals,1,0,0,0,0,0,0,0,0,0,0,0,0,0,1,Database
GPXX0RL8EN,consuming a restful java web service with angularjs,0,0,0,0,0,0,0,0,0,0,0,1,1,0,2,BackendDev FrontendDev
GPXX05LMEN,implement consumer driven contract testing for java microservices using the pact framework,0,0,0,0,0,0,0,0,0,0,0,1,0,0,1,BackendDev
BD0111EN,hadoop 101,1,0,0,0,0,0,0,0,1,0,0,0,0,0,2,Database BigData
CC0101EN,introduction to cloud,0,0,1,0,0,0,0,0,0,0,0,0,0,0,1,CloudComputing
GPXX0UN5EN,classification of yelp reviews using sentiment analysis,0,0,0,0,0,1,0,0,0,0,0,0,0,0,1,MachineLearning
BD0221EN,spark mllib,0,0,0,0,0,1,0,0,1,0,0,0,0,0,2,MachineLearning BigData
CC0103EN,ibm cloud essentials   v3,0,0,1,0,0,0,0,0,0,0,0,0,0,0,1,CloudComputing
GPXX0TY1EN,performing database operations in the cloudant dashboard,1,0,1,1,0,0,0,0,0,0,0,0,0,0,3,Database CloudComputing DataAnalysis
GPXX0T3CEN,working with databases in ibm cloudant,1,0,1,0,0,0,0,0,0,0,0,0,0,0,2,Database CloudComputing
PY0101EN,python for data science,0,1,0,0,0,0,0,1,0,0,0,0,0,0,2,Python DataScience
CC0201EN,introduction to containers  kubernetes  and openshift v2,0,0,0,0,1,0,0,0,0,0,0,0,0,0,1,Containers
BD0123EN,simplifying data pipelines with apache kafka,1,0,0,0,0,0,0,0,0,0,0,1,0,0,2,Database BackendDev
DB0101EN,sql and relational databases 101,1,0,0,0,0,0,0,0,0,0,0,0,0,0,1,Database
GPXX05RDEN,medical appointment data analysis,0,0,0,1,0,0,0,0,0,0,0,0,0,0,1,DataAnalysis
DV0151EN,data visualization with r,0,0,0,1,0,0,0,0,0,0,1,0,0,0,2,DataAnalysis R
GPXX0BSAEN,implementing a graphql microservice using microprofile api to query and update data from multiple services,0,0,0,0,0,0,0,0,0,0,0,1,0,0,1,BackendDev
GPXX0G81EN,consuming a restful java web service with reactjs,0,0,0,0,0,0,0,0,0,0,0,1,1,0,2,BackendDev FrontendDev
GPXX0FFCEN,building and testing a java web application with maven and open liberty,0,0,0,0,0,0,0,0,0,0,0,1,0,0,1,BackendDev
GPXX0MP0EN,building a hypermedia driven restful java microservice using hypermedia as the engine of application state  hateoas ,0,0,0,0,0,0,0,0,0,0,0,1,0,0,1,BackendDev
DV0101EN,data visualization with python,0,1,0,1,0,0,0,0,0,0,0,0,0,0,2,Python DataAnalysis
ML0103EN,digital analytics   regression,0,0,0,1,0,0,0,0,0,0,0,0,0,0,1,DataAnalysis
ML0151EN,machine learning with r,0,0,0,0,0,1,0,0,0,0,1,0,0,0,2,MachineLearning R
GPXX01AVEN,containerizing and running java microservices in docker containers,0,0,0,0,1,0,0,0,0,0,0,0,0,0,1,Containers
ML0120ENv2,deep learning with tensorflow,0,0,0,0,0,1,0,0,0,0,0,0,0,0,1,MachineLearning
RP0101EN,r for data science,0,0,0,0,0,0,0,1,0,0,1,0,0,0,2,DataScience R
GPXX0G31EN,accessing and persisting data in microservices using java persistence api  jpa ,1,0,0,0,0,0,0,0,0,0,0,1,0,0,2,Database BackendDev
GPXX0KY1EN,data science in health care  basic prognostication and geo visualization,0,0,0,1,0,0,0,1,0,0,0,0,0,0,2,DataAnalysis DataScience
GPXX0JLHEN,enabling distributed tracing in java microservices using eclipse microprofile opentracing and the jaeger tracing system ,0,0,0,0,0,0,0,0,0,0,0,1,0,0,1,BackendDev
CC0150EN,building cloud native and multicloud applications,0,0,1,0,0,0,0,0,0,0,0,1,1,0,3,CloudComputing BackendDev FrontendDev
GPXX0QQ3EN,deploy an ai powered discord bot with a voice,0,0,1,0,0,0,0,0,0,1,0,0,0,0,2,CloudComputing Chatbot
GPXX0RQLEN,views in postgresql,1,0,0,0,0,0,0,0,0,0,0,0,0,0,1,Database
GPXX0WRDEN,streaming updates from a microprofile reactive messaging microservice using server sent events  sse ,0,0,0,0,0,0,0,0,0,0,0,1,0,0,1,BackendDev
GPXX0ADEN,consuming a restful java web service with angular,0,0,0,0,0,0,0,0,0,0,0,1,1,0,2,BackendDev FrontendDev
ML0120ENv3,deep learning with tensorflow,0,0,0,0,0,1,0,0,0,0,0,0,0,0,1,MachineLearning
SC0105EN,data science with scala,0,0,0,0,0,0,0,1,0,0,0,0,0,0,1,DataScience
excourse01,relational database systems,1,0,0,0,0,0,0,0,0,0,0,0,0,0,1,Database
excourse02,business intelligence and data warehousing,1,0,0,1,0,0,0,0,0,0,0,0,0,0,2,Database DataAnalysis
excourse03,nosql systems,1,0,0,0,0,0,0,0,1,0,0,0,0,0,2,Database BigData
excourse04,sql for data science,1,0,0,0,0,0,0,1,0,0,0,0,0,0,2,Database DataScience
excourse05,"
distributed computing with spark sql",1,0,0,0,0,0,0,0,1,0,0,0,0,0,2,Database BigData
excourse06,sql for data science capstone project,1,0,0,0,0,0,0,1,0,0,0,0,0,0,2,Database DataScience
excourse07,database management essentials,1,0,0,0,0,0,0,0,0,0,0,0,0,0,1,Database
excourse08,using databases with python,0,1,0,0,0,0,0,0,0,0,0,0,0,0,1,Python
excourse09,process data from dirty to clean,0,0,0,1,0,0,0,0,0,0,0,0,0,0,1,DataAnalysis
excourse10,database architecture  scale  and nosql with elasticsearch,1,0,0,0,0,0,0,0,1,0,0,0,0,0,2,Database BigData
excourse11,the nature of data and relational database design,1,0,0,0,0,0,0,0,0,0,0,0,0,0,1,Database
excourse12,python scripting  files  inheritance  and databases,1,1,0,0,0,0,0,0,0,0,0,0,0,0,2,Database Python
excourse13,relational database support for data warehouses,1,0,0,0,0,0,0,0,0,0,0,0,0,0,1,Database
excourse14,introduction to structured query language  sql ,1,0,0,0,0,0,0,0,0,0,0,0,0,0,1,Database
excourse15,crash course on python,0,1,0,0,0,0,0,0,0,0,0,0,0,0,1,Python
excourse16,programming for everybody  getting started with python ,0,1,0,0,0,0,0,0,0,0,0,0,0,0,1,Python
excourse17,python basics,0,1,0,0,0,0,0,0,0,0,0,0,0,0,1,Python
excourse18,python programming  a concise introduction,0,1,0,0,0,0,0,0,0,0,0,0,0,0,1,Python
excourse19,introduction to python programming,0,1,0,0,0,0,0,0,0,0,0,0,0,0,1,Python
excourse20,python and statistics for financial analysis,0,1,0,1,0,0,0,0,0,0,0,0,0,0,2,Python DataAnalysis
excourse21,applied machine learning in python,0,1,0,0,0,1,0,1,0,0,0,0,0,0,3,Python MachineLearning DataScience
excourse22,introduction to data science in python,0,1,0,0,0,1,0,1,0,0,0,0,0,0,3,Python MachineLearning DataScience
excourse23,data analysis using python,0,1,0,1,0,0,0,0,0,0,0,0,0,0,2,Python DataAnalysis
excourse24,introduction to cloud computing,0,0,1,0,0,0,0,0,0,0,0,0,0,0,1,CloudComputing
excourse25,cloud computing basics  cloud 101 ,0,0,1,0,0,0,0,0,0,0,0,0,0,0,1,CloudComputing
excourse26,cloud computing foundations,0,0,1,0,0,0,0,0,0,0,0,0,0,0,1,CloudComputing
excourse27,cloud computing concepts  part 1,0,0,1,0,0,0,0,0,0,0,0,0,0,0,1,CloudComputing
excourse28,fundamentals of cloud computing,0,0,1,0,0,0,0,0,0,0,0,0,0,0,1,CloudComputing
excourse29,cloud computing concepts  part 2,0,0,1,0,0,0,0,0,0,0,0,0,0,0,1,CloudComputing
excourse30,cloud computing applications  part 1  cloud systems and infrastructure,0,0,1,0,0,0,0,0,0,0,0,0,0,0,1,CloudComputing
excourse31,cloud computing applications  part 2  big data and applications in the cloud,1,0,1,0,0,0,0,0,1,0,0,0,0,0,3,Database CloudComputing BigData
excourse32,introduction to data analytics,0,0,0,1,0,0,0,0,0,0,0,0,0,0,1,DataAnalysis
excourse33,excel basics for data analysis,0,0,0,1,0,0,0,0,0,0,0,0,0,0,1,DataAnalysis
excourse34,introduction to data analysis,0,0,0,1,0,0,0,0,0,0,0,0,0,0,1,DataAnalysis
excourse35,introduction to predictive modeling,0,0,0,1,0,1,0,0,0,0,0,0,0,0,2,DataAnalysis MachineLearning
excourse36,data analysis using python,0,1,0,1,0,0,0,0,0,0,0,0,0,0,2,Python DataAnalysis
excourse37,data analysis with r programming,0,0,0,1,0,0,0,0,0,0,1,0,0,0,2,DataAnalysis R
excourse38,data analysis with python,0,1,0,1,0,0,0,0,0,0,0,0,0,0,2,Python DataAnalysis
excourse39,excel fundamentals for data analysis,0,0,0,1,0,0,0,0,0,0,0,0,0,0,1,DataAnalysis
excourse40,exploratory data analysis for machine learning,0,0,0,1,0,1,0,0,0,0,0,0,0,0,2,DataAnalysis MachineLearning
excourse41,introduction to data analysis using excel,0,0,0,1,0,0,0,0,0,0,0,0,0,0,1,DataAnalysis
excourse42,big data analysis  hive  spark sql  dataframes and graphframes,1,0,0,0,0,0,0,0,1,0,0,0,0,0,2,Database BigData
excourse43,cloud virtualization  containers and apis,0,0,1,0,1,0,0,0,0,0,0,1,0,0,3,CloudComputing Containers BackendDev
excourse44,alibaba cloud native solutions and container service,0,0,1,0,1,0,0,0,0,0,0,1,0,0,3,CloudComputing Containers BackendDev
excourse45,docker  basics,0,0,0,0,1,0,0,0,0,0,0,0,0,0,1,Containers
excourse46,machine learning,0,0,0,0,0,1,0,0,0,0,0,0,0,0,1,MachineLearning
excourse47,machine learning for all,0,0,0,0,0,1,0,0,0,0,0,0,0,0,1,MachineLearning
excourse48,introduction to machine learning  language processing,0,0,0,0,0,0,0,0,0,0,0,0,0,0,0,
excourse49,applied machine learning in python,0,1,0,0,0,1,0,0,0,0,0,0,0,0,2,Python MachineLearning
excourse50,build  train  and deploy ml pipelines using bert,0,0,0,0,0,1,0,0,0,0,0,0,0,0,1,MachineLearning
excourse51,introduction to machine learning in production,0,0,0,0,0,1,0,0,0,0,0,0,0,0,1,MachineLearning
excourse52,machine learning data lifecycle in production,0,0,0,0,0,1,0,0,0,0,0,0,0,0,1,MachineLearning
excourse53,deploying machine learning models in production,0,0,0,0,0,1,0,0,0,0,0,0,0,0,1,MachineLearning
excourse54,exploratory data analysis for machine learning,0,0,0,1,0,1,0,0,0,0,0,0,0,0,2,DataAnalysis MachineLearning
excourse55,advanced computer vision with tensorflow,0,0,0,0,0,1,1,0,0,0,0,0,0,0,2,MachineLearning ComputerVision
excourse56,deep learning applications for computer vision,0,0,0,0,0,1,1,0,0,0,0,0,0,0,2,MachineLearning ComputerVision
excourse57,deep learning in computer vision,0,0,0,0,0,1,1,0,0,0,0,0,0,0,2,MachineLearning ComputerVision
excourse58,computer vision basics,0,0,0,0,0,1,1,0,0,0,0,0,0,0,2,MachineLearning ComputerVision
excourse59,fundamentals of digital image and video processing,0,0,0,0,0,1,1,0,0,0,0,0,0,0,2,MachineLearning ComputerVision
excourse60,introduction to tensorflow for artificial intelligence  machine learning  and deep learning,0,0,0,0,0,1,0,0,0,0,0,0,0,0,1,MachineLearning
excourse61,convolutional neural networks in tensorflow,0,0,0,0,0,1,1,0,0,0,0,0,0,0,2,MachineLearning ComputerVision
excourse62,introduction to data science in python,0,1,0,0,0,0,0,1,0,0,0,0,0,0,2,Python DataScience
excourse63,a crash course in data science,0,0,0,0,0,0,0,1,0,0,0,0,0,0,1,DataScience
excourse64,data science in real life,0,0,0,0,0,0,0,1,0,0,0,0,0,0,1,DataScience
excourse65,data science fundamentals for data analysts,0,0,0,1,0,0,0,1,0,0,0,0,0,0,2,DataAnalysis DataScience
excourse66,executive data science capstone,0,0,0,0,0,0,0,1,0,0,0,0,0,0,1,DataScience
excourse67,introduction to big data,0,0,0,0,0,0,0,0,1,0,0,0,0,0,1,BigData
excourse68,big data modeling and management systems,0,0,0,0,0,0,0,0,1,0,0,0,0,0,1,BigData
excourse69,machine learning with big data,0,0,0,0,0,1,0,0,1,0,0,0,0,0,2,MachineLearning BigData
excourse70,big data   capstone project,1,0,0,0,0,0,0,0,1,0,0,0,0,0,2,Database BigData
excourse71,big data essentials  hdfs  mapreduce and spark rdd,1,0,0,0,0,0,0,0,1,0,0,0,0,0,2,Database BigData
excourse72,foundations for big data analysis with sql,1,0,0,1,0,0,0,0,1,0,0,0,0,0,3,Database DataAnalysis BigData
excourse73,analyzing big data with sql,1,0,0,1,0,0,0,0,1,0,0,0,0,0,3,Database DataAnalysis BigData
excourse74,fundamentals of big data,0,0,0,0,0,0,0,0,1,0,0,0,0,0,1,BigData
excourse75,hadoop platform and application framework,0,0,0,0,0,0,0,0,1,0,0,1,0,0,2,BigData BackendDev
excourse76,working with big data,0,0,0,0,0,0,0,0,1,0,0,0,0,0,1,BigData
excourse77,natural language processing with attention models,0,0,0,0,0,1,0,0,0,0,0,0,0,0,1,MachineLearning
excourse78,natural language processing with sequence models,0,0,0,0,0,1,0,0,0,0,0,0,0,0,1,MachineLearning
excourse79,natural language processing with probabilistic models,0,0,0,0,0,1,0,0,0,0,0,0,0,0,1,MachineLearning
excourse80,r programming,0,0,0,0,0,0,0,0,0,0,1,0,0,0,1,R
excourse81,data analysis with r programming,0,0,0,0,0,0,0,0,0,0,1,0,0,0,1,R
excourse82,getting started with data visualization in r,0,0,0,1,0,0,0,0,0,0,1,0,0,0,2,DataAnalysis R
excourse83,introduction to probability and data with r,0,0,0,1,0,0,0,0,0,0,1,0,0,0,2,DataAnalysis R
excourse84,using r for regression and machine learning in investment ,0,0,0,1,0,0,0,0,0,0,1,0,0,0,2,DataAnalysis R
excourse85,data visualization in r with ggplot2,0,0,0,1,0,0,0,0,0,0,1,0,0,0,2,DataAnalysis R
excourse86,the r programming environment,0,0,0,0,0,0,0,0,0,0,1,0,0,0,1,R
excourse87,html  css  and javascript for web developers,0,0,0,0,0,0,0,0,0,0,0,0,1,0,1,FrontendDev
excourse88,javascript basics,0,0,0,0,0,0,0,0,0,0,0,1,1,0,2,BackendDev FrontendDev
excourse89,javascript  jquery  and json,0,0,0,0,0,0,0,0,0,0,0,1,1,0,2,BackendDev FrontendDev
excourse90,programming foundations with javascript  html and css,0,0,0,0,0,0,0,0,0,0,0,1,1,0,2,BackendDev FrontendDev
excourse91,front end web development with react,0,0,0,0,0,0,0,0,0,0,0,0,1,0,1,FrontendDev
excourse92,introduction to web development,0,0,0,0,0,0,0,0,0,0,0,1,1,0,2,BackendDev FrontendDev
excourse93,interactivity with javascript and jquery,0,0,0,0,0,0,0,0,0,0,0,1,1,0,2,BackendDev FrontendDev
